-- Insertion des rôles d'utilisateur
INSERT INTO user_roles (id, role_name) VALUES (1, 'ADMIN');
INSERT INTO user_roles (id, role_name) VALUES (2, 'USER');

-- Insertion des utilisateurs
INSERT INTO users (id, email, locked, password, phone_number, role_id) VALUES (1, 'pettynichole@hotmail.com', 1, '1556dc4071805ec09db18df7d9529c3fa23f34d4403f96923cc058110db7ad94', '001-348-721-6378x87003', 1);
INSERT INTO users (id, email, locked, password, phone_number, role_id) VALUES (2, 'dchang@wilkinson.com', 0, 'a988b5e9e369d759faf62894ec33df2bd3a279b701f1f01c434b751d273335c4', '+1-662-319-7478x3282', 1);
INSERT INTO users (id, email, locked, password, phone_number, role_id) VALUES (3, 'wangchristopher@yahoo.com', 1, '63e4945179ecfdbc1bd3145288983a3929336ce7020406abb5c6f3bf23713fdf', '+1-976-909-7950x7257', 2);
INSERT INTO users (id, email, locked, password, phone_number, role_id) VALUES (4, 'millsrobert@yahoo.com', 0, 'e10c933a80e44a94b9e9ef50cdebfc7c687f6dcd8c78340987ef11582404806b', '+1-090-817-8823x571', 1);
INSERT INTO users (id, email, locked, password, phone_number, role_id) VALUES (5, 'richard20@cruz.com', 1, 'bffd5cacfe0e11a572c27624cd2802d2f53d40d28ce3cb0907aa533e2e1e8c88', '694.409.6377x6198', 2);
INSERT INTO users (id, email, locked, password, phone_number, role_id) VALUES (6, 'carla37@maldonado.com', 0, '13183721bb8d8d2d5afbd638963195dfeeadda696411b5aa89dda50598100873', '001-899-373-7291x8944', 1);
INSERT INTO users (id, email, locked, password, phone_number, role_id) VALUES (7, 'marymiller@hotmail.com', 0, 'aa86422bd501f303385f21213f1d74fee368a3cbb69892fe87d9cd32c7f80a2c', '780-140-4861x83206', 2);
INSERT INTO users (id, email, locked, password, phone_number, role_id) VALUES (8, 'jduke@yahoo.com', 0, 'b70a8f6e84c65540ccc51e4d6a947b3aa7cfb8f467ba0c4c4debdaa1cd91f211', '(317)017-5124x899', 2);
INSERT INTO users (id, email, locked, password, phone_number, role_id) VALUES (9, 'deborahwhitehead@white-coleman.net', 1, 'dc55d4b407d0747efb8745ad0049172779d4111ea7065e57150b1bc8d3275e0e', '322.066.9821', 1);
INSERT INTO users (id, email, locked, password, phone_number, role_id) VALUES (10, 'nicole36@yahoo.com', 0, '75b7e42bed71b50ffa5f056bffb4f19da35773d81f836234618735b296f6468b', '412-604-8018', 1);


-- Insertion des posts
INSERT INTO post (id, content, title, author_id) VALUES (1, 'Light anyone allow too contain. Various soon trip contain human agency. Well just suddenly consider food.', 'Movie town especially simply skill.', 3);
INSERT INTO post (id, content, title, author_id) VALUES (2, 'Will affect center summer. Company order pull fish. Say sell explain interest. Agree minute behind.', 'Well floor save student laugh worker data admit.', 7);
INSERT INTO post (id, content, title, author_id) VALUES (3, 'Issue various building focus control anyone single. Rate measure customer buy. Clear they poor catch learn within PM.', 'International figure key fine player team chair.', 7);
INSERT INTO post (id, content, title, author_id) VALUES (4, 'Hit fall side happy my few. Many what eight person call positive. Certainly change cover move where guy attack myself. Land him this provide too human. Protect participant them follow improve because.', 'Recent music several leader different.', 8);
INSERT INTO post (id, content, title, author_id) VALUES (5, 'Without need senior teacher life market. When room town. Customer travel environmental year road. Listen seat movie seat cold only here.', 'Miss travel your.', 5);
INSERT INTO post (id, content, title, author_id) VALUES (6, 'Will executive successful audience for director bar. How chance husband trade across. Far outside position major money from. Commercial force page avoid fine a. Image he fact office trouble run imagine.', 'Prove nation specific idea senior.', 8);
INSERT INTO post (id, content, title, author_id) VALUES (7, 'Interesting take somebody. Set energy expect new resource southern member. Home sing image provide. Later produce center prevent on situation daughter. Player fire in bed government why mother about.', 'Edge every provide collection ask land us.', 1);
INSERT INTO post (id, content, title, author_id) VALUES (8, 'Clearly really support expect billion. Ability want water test own already. Now pretty summer ground in attack western school. Expect help local account explain feel half player. Follow bring traditional want. But money man back suddenly couple.', 'Top piece great.', 2);
INSERT INTO post (id, content, title, author_id) VALUES (9, 'Money not available threat. Serve feel if drop push role together letter. College million never have budget surface subject. Art including need nor dinner. Create recently cultural town. Me affect option.', 'Pull trip place.', 1);
INSERT INTO post (id, content, title, author_id) VALUES (10, 'Mouth seek everybody body bar firm action. Head describe energy take. Region different hundred. Pm meet look research until necessary remember. Write become discover beyond we improve.', 'Stay look strong management stuff determine wrong.', 7);
INSERT INTO post (id, content, title, author_id) VALUES (11, 'Success miss happy structure maybe probably human. Economy whether machine art job. Pattern tough country yourself himself serious fall. North remain feel man increase teach.', 'Feeling significant read kitchen specific war make.', 10);
INSERT INTO post (id, content, title, author_id) VALUES (12, 'People event Republican among our contain. Others center statement. Time bring staff product. Continue often say condition.', 'Spring stand ever manager perform condition away.', 9);
INSERT INTO post (id, content, title, author_id) VALUES (13, 'Ago risk record yet yourself avoid none. Small never chair star. Movie war alone.', 'Economy peace improve herself yet discuss two.', 5);
INSERT INTO post (id, content, title, author_id) VALUES (14, 'Describe reality machine candidate open law clear military. Car seven help. Voice protect really throughout. Decision send better safe question operation. Key drive see reveal.', 'Audience respond stand occur out.', 4);
INSERT INTO post (id, content, title, author_id) VALUES (15, 'Wish happen forget full represent. Suffer expect from join area form everybody. Else total collection various particularly pay example something.', 'Role ask take.', 5);
INSERT INTO post (id, content, title, author_id) VALUES (16, 'First coach their. Language concern might quality friend fill. Its up production. Seem likely leader action name. Energy provide PM knowledge however.', 'Fish manage type stage push analysis.', 4);
INSERT INTO post (id, content, title, author_id) VALUES (17, 'Truth expect international why eye computer loss. Security yes card necessary. Plant fact live early close. Cold standard such rather contain community whether type. Speech agent raise good it media almost.', 'Travel accept paper indicate.', 7);
INSERT INTO post (id, content, title, author_id) VALUES (18, 'Laugh however run dog direction building smile. Site require effort data. Mention relationship surface always situation.', 'Seat ready service any.', 7);
INSERT INTO post (id, content, title, author_id) VALUES (19, 'Go easy democratic poor. Plant base look. Five admit apply peace herself positive attention us. Environment position professor special less.', 'Process building million find adult.', 2);
INSERT INTO post (id, content, title, author_id) VALUES (20, 'Explain improve general day wait. Prevent evening floor bar yard. She charge understand product look nation. Describe him push first character.', 'Indicate bank food a real.', 10);
INSERT INTO post (id, content, title, author_id) VALUES (21, 'Part sing ever analysis tell reach. Score base when newspaper. Leg stock institution top. Crime use or skill. Sister industry ground air deep teach. Central and value.', 'Eat population call prepare finish same.', 3);
INSERT INTO post (id, content, title, author_id) VALUES (22, 'Indicate throw paper defense place director huge after. Foreign small age religious thank social. Red popular raise instead many six. People your plant manage.', 'Job traditional use others sound ready.', 6);
INSERT INTO post (id, content, title, author_id) VALUES (23, 'Imagine quality middle family send state environmental. Six spend safe able short professor. Sometimes enjoy effort sometimes full maybe business. Already else opportunity foreign whatever police. Market son one around take. Left wife effort service.', 'Environment person natural look.', 4);
INSERT INTO post (id, content, title, author_id) VALUES (24, 'Arrive war someone state. Cell reduce collection myself yard. Manage coach lot paper walk year scientist. Everybody end wind impact if action job. Join put general culture wide bed.', 'Dream least argue.', 9);
INSERT INTO post (id, content, title, author_id) VALUES (25, 'Agreement treat government next. Doctor war not land. Work present organization page effort theory. Offer history argue official left church hear. Check away on television place gun place.', 'Later compare near order cell manager.', 2);
INSERT INTO post (id, content, title, author_id) VALUES (26, 'Attack education concern million. Begin hair spring join before. Leader attorney ok remain herself develop course right. Range law indeed environmental give form. Personal mouth different data lot commercial situation.', 'Bring they course class.', 3);
INSERT INTO post (id, content, title, author_id) VALUES (27, 'So car position million indeed effort. Their bank particularly toward past respond allow. News drop include do. Project open business simply kid order.', 'Believe check author else cold business traditional.', 8);
INSERT INTO post (id, content, title, author_id) VALUES (28, 'Yeah land become before. Particular activity structure despite. Answer hot modern something his it science game. State consider sea. Question culture serious evidence new.', 'Strong film until notice act go party.', 10);
INSERT INTO post (id, content, title, author_id) VALUES (29, 'Fire stay see country. Plant part machine tend family. Hospital music practice subject image her discussion recently. Manager partner fast medical boy. Way before like form account form recent.', 'Late treatment sit vote top yourself available.', 7);
INSERT INTO post (id, content, title, author_id) VALUES (30, 'Question lose not community some note especially. Many plant somebody week can book style. Peace ground tough network. Article major final away smile teacher change painting.', 'Around letter conference mind summer analysis.', 6);
INSERT INTO post (id, content, title, author_id) VALUES (31, 'Future will its their their. Program shoulder skin treat next chance design. Field spend station care east effect any think.', 'Parent without manage expert fly writer time.', 1);
INSERT INTO post (id, content, title, author_id) VALUES (32, 'You open industry with game per analysis. Figure black sea also hard stop green. Artist education only local executive rule eye. International war point into turn get enter same.', 'Cultural nice land become let.', 10);
INSERT INTO post (id, content, title, author_id) VALUES (33, 'A man kind population drug two song. Cut significant dream author democratic level. Save my into foot. Account plant money create prevent work. That test enter affect there.', 'Hard type poor street position popular technology exactly.', 9);
INSERT INTO post (id, content, title, author_id) VALUES (34, 'Reflect guess month smile audience hand. Across realize smile senior. Party mean training training property work. Tree discussion five. Weight information high human. Full all dinner expect argue church nice.', 'Hard film line stop include.', 10);
INSERT INTO post (id, content, title, author_id) VALUES (35, 'Face town power turn. Check you make painting foot try set benefit. Everyone personal among able western. Will far expert couple suggest. Bill all star. Imagine tax the recent firm evidence audience.', 'Performance thing according also bill.', 3);
INSERT INTO post (id, content, title, author_id) VALUES (36, 'Range current history government build. Foreign table place. Small act your hit will. Religious order future military head white population. Enough fast have Mrs conference where. Trouble need traditional poor whether.', 'Recently north option too.', 7);
INSERT INTO post (id, content, title, author_id) VALUES (37, 'Detail enjoy walk no weight. Stand gun music strategy industry before tree arm. Agent understand buy western. Power state chair me without. Democratic interesting phone eat. Pressure know talk move whatever.', 'Floor really ask garden apply enter.', 10);
INSERT INTO post (id, content, title, author_id) VALUES (38, 'Morning visit fact member like stuff. Sell easy return three reveal war agent economy. A news miss politics.', 'Bar itself rest.', 6);
INSERT INTO post (id, content, title, author_id) VALUES (39, 'Will wind authority adult reality money suffer. Speech heart lawyer writer part. Scientist back lawyer history write.', 'Get performance industry assume create store car once.', 6);
INSERT INTO post (id, content, title, author_id) VALUES (40, 'Perform act particular admit meeting eye off. Somebody according shoulder ready rate then role. Somebody record there may national. After learn base college. Set generation think according. Wide grow growth myself shake.', 'Finish daughter much strong.', 2);
INSERT INTO post (id, content, title, author_id) VALUES (41, 'Could stand future enter despite sense price. Girl visit or heart. Talk answer poor item marriage.', 'Beautiful both at language.', 9);
INSERT INTO post (id, content, title, author_id) VALUES (42, 'General reveal eight sea whose. Pattern only hair paper who necessary itself growth. Approach dark size impact. With something service major choose. Stuff eight structure president medical approach rich.', 'Hour audience realize.', 3);
INSERT INTO post (id, content, title, author_id) VALUES (43, 'Training production outside citizen. Hair catch news low. Dream grow election artist. Person environmental work movement bed state nature. Bar attention specific almost into.', 'Commercial at blood goal book not part.', 10);
INSERT INTO post (id, content, title, author_id) VALUES (44, 'People show instead during produce again agreement. You exist activity follow. Standard tend camera go.', 'Staff manager owner five.', 6);
INSERT INTO post (id, content, title, author_id) VALUES (45, 'Figure several accept individual. Entire response citizen. National necessary receive six front some radio party.', 'Rest him most already newspaper through soldier.', 10);
INSERT INTO post (id, content, title, author_id) VALUES (46, 'Who from source. Democratic leader social guess himself expect but. Particularly which someone case. Main matter feel by. Forward resource nation head analysis present. All under land.', 'Remember goal technology owner avoid out hospital.', 3);
INSERT INTO post (id, content, title, author_id) VALUES (47, 'Box center skill throughout. Fall say general direction watch each from. Professional father writer against personal age account. Management summer price seem because. Because section red another century oil listen fact.', 'Glass push their important free peace government.', 10);
INSERT INTO post (id, content, title, author_id) VALUES (48, 'Little senior something natural writer director. Economy set blue beyond ok. Director history two beat type relationship apply.', 'Happy approach government ask determine.', 4);
INSERT INTO post (id, content, title, author_id) VALUES (49, 'Property sing large program conference information sign. Blue data second wife. Thank time mission paper whose institution. Nature simple someone improve these however. Contain today morning network eight. Here mission church oil environmental produce follow.', 'College population travel.', 4);
INSERT INTO post (id, content, title, author_id) VALUES (50, 'Mission until investment. Owner season culture then. Room light kitchen now. Stop know price win several owner film. News life prove window least cold. Either speak teach president treatment game season.', 'Short write shoulder amount turn general.', 7);
INSERT INTO post (id, content, title, author_id) VALUES (51, 'Industry discuss reflect woman growth nor. Alone appear health. Good item last card law expect person money. Stuff safe minute response staff.', 'Real catch goal put story.', 5);
INSERT INTO post (id, content, title, author_id) VALUES (52, 'Huge option much phone beautiful program. Direction executive yourself accept record seat fact. Candidate bit sell begin write. Chair these through position. Region business in prevent board. Half provide how down ball church statement situation.', 'Identify plan step explain behind culture everything.', 4);
INSERT INTO post (id, content, title, author_id) VALUES (53, 'Child glass find believe. Particular kid why decision answer TV operation. Environment onto commercial for employee star administration. Fact industry wrong man. Few son office Mrs hand person next.', 'Large would more something candidate radio hotel.', 10);
INSERT INTO post (id, content, title, author_id) VALUES (54, 'Trial ability new rise. Statement great kitchen identify account land discuss. City we end one early still group than. Even eye base. Can individual explain enjoy beyond dog hundred.', 'Society ten side respond wrong smile half send.', 10);
INSERT INTO post (id, content, title, author_id) VALUES (55, 'Under point center local cell might. Action only fall successful price need. Issue message catch. Machine south quickly.', 'Growth meeting trip art election eye imagine young.', 5);
INSERT INTO post (id, content, title, author_id) VALUES (56, 'Store against affect rest job. Interesting way technology assume stock now. It force new economic raise send. Child voice yeah visit such main authority around. Compare matter today forget enter once.', 'Man oil guy best only method.', 8);
INSERT INTO post (id, content, title, author_id) VALUES (57, 'Decision world full also particular one style soldier. Then organization pattern skin. Include position many wrong cost often.', 'Officer machine attention true.', 1);
INSERT INTO post (id, content, title, author_id) VALUES (58, 'Resource after hotel well positive. Pull safe base everyone score huge full. Student else unit every. Source responsibility change bad. Price people citizen make night change.', 'Race appear others public media significant certainly.', 1);
INSERT INTO post (id, content, title, author_id) VALUES (59, 'Present dark much song field risk whose. Discuss over no hit edge seat. Maintain together general skin.', 'Similar blood section decade color father enjoy.', 3);
INSERT INTO post (id, content, title, author_id) VALUES (60, 'Hold reveal fear wonder. Almost career traditional indeed effect seven teach. Future space buy.', 'Source of consumer citizen smile.', 6);



INSERT INTO comment (id, content, post_id, user_id) VALUES (1, 'Old price onto.', 56, 5);
INSERT INTO comment (id, content, post_id, user_id) VALUES (2, 'Mrs lawyer help art.', 15, 2);
INSERT INTO comment (id, content, post_id, user_id) VALUES (3, 'Ask federal career.', 9, 10);
INSERT INTO comment (id, content, post_id, user_id) VALUES (4, 'Save thought generation party sea clearly it.', 27, 10);
INSERT INTO comment (id, content, post_id, user_id) VALUES (5, 'Pay big role walk.', 44, 1);
INSERT INTO comment (id, content, post_id, user_id) VALUES (6, 'Interest believe local way north wall box.', 40, 7);
INSERT INTO comment (id, content, post_id, user_id) VALUES (7, 'Play stuff son.', 51, 10);
INSERT INTO comment (id, content, post_id, user_id) VALUES (8, 'Bill view million number concern season alone.', 41, 3);
INSERT INTO comment (id, content, post_id, user_id) VALUES (9, 'Fund green toward they.', 37, 5);
INSERT INTO comment (id, content, post_id, user_id) VALUES (10, 'Set without interesting trip state peace.', 7, 1);
INSERT INTO comment (id, content, post_id, user_id) VALUES (11, 'Available reason consider.', 37, 3);
INSERT INTO comment (id, content, post_id, user_id) VALUES (12, 'Money conference real.', 40, 10);
INSERT INTO comment (id, content, post_id, user_id) VALUES (13, 'Partner add month item leader.', 12, 10);
INSERT INTO comment (id, content, post_id, user_id) VALUES (14, 'Improve do nature must.', 55, 4);
INSERT INTO comment (id, content, post_id, user_id) VALUES (15, 'Trial way him not skin make.', 27, 6);
INSERT INTO comment (id, content, post_id, user_id) VALUES (16, 'Price second approach evening ready turn true.', 43, 4);
INSERT INTO comment (id, content, post_id, user_id) VALUES (17, 'Production culture need too perhaps buy.', 52, 3);
INSERT INTO comment (id, content, post_id, user_id) VALUES (18, 'Outside study white health.', 47, 2);
INSERT INTO comment (id, content, post_id, user_id) VALUES (19, 'Simply rest discover herself design.', 12, 10);
INSERT INTO comment (id, content, post_id, user_id) VALUES (20, 'Congress leg able respond great loss.', 45, 3);
INSERT INTO comment (id, content, post_id, user_id) VALUES (21, 'Owner garden around field.', 38, 8);
INSERT INTO comment (id, content, post_id, user_id) VALUES (22, 'Risk best nearly chair.', 7, 9);
INSERT INTO comment (id, content, post_id, user_id) VALUES (23, 'Like field majority decision interview.', 3, 3);
INSERT INTO comment (id, content, post_id, user_id) VALUES (24, 'Somebody beautiful leave value also fear whom.', 37, 3);
INSERT INTO comment (id, content, post_id, user_id) VALUES (25, 'Sign position project trip this office structure.', 19, 2);
INSERT INTO comment (id, content, post_id, user_id) VALUES (26, 'Resource laugh collection since blue apply task.', 2, 6);
INSERT INTO comment (id, content, post_id, user_id) VALUES (27, 'Myself book network they.', 16, 1);
INSERT INTO comment (id, content, post_id, user_id) VALUES (28, 'Effort several stage.', 13, 1);
INSERT INTO comment (id, content, post_id, user_id) VALUES (29, 'Let eight professor our value data.', 42, 4);
INSERT INTO comment (id, content, post_id, user_id) VALUES (30, 'Build condition stuff society too.', 41, 10);
INSERT INTO comment (id, content, post_id, user_id) VALUES (31, 'Own notice none.', 38, 2);
INSERT INTO comment (id, content, post_id, user_id) VALUES (32, 'Tree red owner bring beautiful.', 56, 5);
INSERT INTO comment (id, content, post_id, user_id) VALUES (33, 'See nearly appear front together within check cold.', 43, 3);
INSERT INTO comment (id, content, post_id, user_id) VALUES (34, 'Wonder its up.', 25, 2);
INSERT INTO comment (id, content, post_id, user_id) VALUES (35, 'Study past focus my cultural.', 23, 4);
INSERT INTO comment (id, content, post_id, user_id) VALUES (36, 'Activity yeah possible bank Mrs early brother.', 17, 5);
INSERT INTO comment (id, content, post_id, user_id) VALUES (37, 'Among couple good right civil already game.', 50, 10);
INSERT INTO comment (id, content, post_id, user_id) VALUES (38, 'Image at after often wrong free store.', 29, 5);
INSERT INTO comment (id, content, post_id, user_id) VALUES (39, 'Company rate wide program finish.', 31, 7);
INSERT INTO comment (id, content, post_id, user_id) VALUES (40, 'Set side will end term down.', 22, 10);
INSERT INTO comment (id, content, post_id, user_id) VALUES (41, 'Walk economic democratic six across cell.', 20, 7);
INSERT INTO comment (id, content, post_id, user_id) VALUES (42, 'Activity sell dark inside election.', 20, 4);
INSERT INTO comment (id, content, post_id, user_id) VALUES (43, 'Common bit condition.', 7, 1);
INSERT INTO comment (id, content, post_id, user_id) VALUES (44, 'Field figure hit best goal ok.', 36, 5);
INSERT INTO comment (id, content, post_id, user_id) VALUES (45, 'Key mouth movie wonder require since couple.', 51, 8);
INSERT INTO comment (id, content, post_id, user_id) VALUES (46, 'Level know significant maybe reality none whom however.', 1, 10);
INSERT INTO comment (id, content, post_id, user_id) VALUES (47, 'Wear simply debate behind.', 27, 5);
INSERT INTO comment (id, content, post_id, user_id) VALUES (48, 'Institution cost owner before economic drug.', 22, 7);
INSERT INTO comment (id, content, post_id, user_id) VALUES (49, 'Mean goal your program town act.', 27, 10);
INSERT INTO comment (id, content, post_id, user_id) VALUES (50, 'Wait answer listen property section.', 58, 9);
INSERT INTO comment (id, content, post_id, user_id) VALUES (51, 'Guy candidate support space represent.', 54, 6);
INSERT INTO comment (id, content, post_id, user_id) VALUES (52, 'Grow provide doctor close.', 35, 7);
INSERT INTO comment (id, content, post_id, user_id) VALUES (53, 'Either realize million project smile.', 2, 9);
INSERT INTO comment (id, content, post_id, user_id) VALUES (54, 'Outside various phone bill product view high.', 6, 10);
INSERT INTO comment (id, content, post_id, user_id) VALUES (55, 'Purpose eye professional.', 33, 9);
INSERT INTO comment (id, content, post_id, user_id) VALUES (56, 'Know she true own.', 46, 1);
INSERT INTO comment (id, content, post_id, user_id) VALUES (57, 'Whatever design red issue.', 46, 10);
INSERT INTO comment (id, content, post_id, user_id) VALUES (58, 'Level decision piece fly pass represent gun base.', 1, 1);
INSERT INTO comment (id, content, post_id, user_id) VALUES (59, 'Gas find trouble thus surface.', 17, 10);
INSERT INTO comment (id, content, post_id, user_id) VALUES (60, 'Interesting his to article.', 28, 7);
INSERT INTO comment (id, content, post_id, user_id) VALUES (61, 'Side relate indicate feeling.', 52, 4);
INSERT INTO comment (id, content, post_id, user_id) VALUES (62, 'Industry sense environment require.', 60, 1);
INSERT INTO comment (id, content, post_id, user_id) VALUES (63, 'Risk technology response we yeah according card.', 6, 3);
INSERT INTO comment (id, content, post_id, user_id) VALUES (64, 'Fast member analysis.', 30, 4);
INSERT INTO comment (id, content, post_id, user_id) VALUES (65, 'Think save list live spring.', 8, 6);
INSERT INTO comment (id, content, post_id, user_id) VALUES (66, 'Paper arm assume.', 41, 4);
INSERT INTO comment (id, content, post_id, user_id) VALUES (67, 'Production build say drug model question subject.', 22, 7);
INSERT INTO comment (id, content, post_id, user_id) VALUES (68, 'Treatment nothing hand.', 4, 4);
INSERT INTO comment (id, content, post_id, user_id) VALUES (69, 'Vote vote throw possible business throw really.', 18, 9);
INSERT INTO comment (id, content, post_id, user_id) VALUES (70, 'Lead these increase reflect.', 4, 1);
INSERT INTO comment (id, content, post_id, user_id) VALUES (71, 'Together election technology throughout yes by operation.', 2, 8);
INSERT INTO comment (id, content, post_id, user_id) VALUES (72, 'What day remember admit change.', 57, 6);
INSERT INTO comment (id, content, post_id, user_id) VALUES (73, 'Lay heavy challenge really perhaps air.', 43, 4);
INSERT INTO comment (id, content, post_id, user_id) VALUES (74, 'At especially a meet make.', 27, 7);
INSERT INTO comment (id, content, post_id, user_id) VALUES (75, 'To Mr boy management season issue.', 35, 3);
INSERT INTO comment (id, content, post_id, user_id) VALUES (76, 'Single want nice class.', 16, 2);
INSERT INTO comment (id, content, post_id, user_id) VALUES (77, 'Early once remember determine.', 16, 7);
INSERT INTO comment (id, content, post_id, user_id) VALUES (78, 'Believe energy election kind artist.', 32, 10);
INSERT INTO comment (id, content, post_id, user_id) VALUES (79, 'There significant them investment director different thing south.', 6, 1);
INSERT INTO comment (id, content, post_id, user_id) VALUES (80, 'Statement mean full respond no exactly person.', 13, 5);
INSERT INTO comment (id, content, post_id, user_id) VALUES (81, 'Senior performance site adult choice decide.', 41, 9);
INSERT INTO comment (id, content, post_id, user_id) VALUES (82, 'Which ball research movie different cover budget.', 26, 10);
INSERT INTO comment (id, content, post_id, user_id) VALUES (83, 'Source send shake.', 26, 5);
INSERT INTO comment (id, content, post_id, user_id) VALUES (84, 'System reason expert small toward pick art.', 7, 4);
INSERT INTO comment (id, content, post_id, user_id) VALUES (85, 'Personal in former arm table.', 14, 6);
INSERT INTO comment (id, content, post_id, user_id) VALUES (86, 'Season lawyer woman chair book administration.', 33, 2);
INSERT INTO comment (id, content, post_id, user_id) VALUES (87, 'Answer position shoulder no.', 54, 8);
INSERT INTO comment (id, content, post_id, user_id) VALUES (88, 'Large difference record window family financial.', 2, 5);
INSERT INTO comment (id, content, post_id, user_id) VALUES (89, 'Health operation per not.', 52, 6);
INSERT INTO comment (id, content, post_id, user_id) VALUES (90, 'North store five child moment during save.', 40, 10);
INSERT INTO comment (id, content, post_id, user_id) VALUES (91, 'Value yourself data people green certain.', 6, 1);
INSERT INTO comment (id, content, post_id, user_id) VALUES (92, 'Particularly and skin exist.', 28, 7);
INSERT INTO comment (id, content, post_id, user_id) VALUES (93, 'Matter cover employee leg race dark standard.', 33, 1);
INSERT INTO comment (id, content, post_id, user_id) VALUES (94, 'Wish suffer gun wife true drug like to.', 28, 5);
INSERT INTO comment (id, content, post_id, user_id) VALUES (95, 'Foot their clear open American discuss.', 60, 1);
INSERT INTO comment (id, content, post_id, user_id) VALUES (96, 'Together first sign consumer prove campaign eight forget.', 53, 8);
INSERT INTO comment (id, content, post_id, user_id) VALUES (97, 'Mrs husband maybe family edge value white company.', 26, 4);
INSERT INTO comment (id, content, post_id, user_id) VALUES (98, 'Baby try remain leader dream alone.', 41, 9);
INSERT INTO comment (id, content, post_id, user_id) VALUES (99, 'Behavior official support plan amount reflect whatever.', 41, 7);
INSERT INTO comment (id, content, post_id, user_id) VALUES (100, 'Carry hour beautiful goal Congress.', 33, 4);
